"Date","Price","Open","High","Low","Vol.","Change %"
"12/31/2025","3,131.00","3,127.00","3,131.00","3,125.00","30.66K","-0.29%"
"12/30/2025","3,140.00","3,127.00","3,144.00","3,122.00","90.68K","0.51%"
"12/29/2025","3,124.00","3,143.00","3,144.00","3,117.00","201.93K","-0.03%"
"12/24/2025","3,125.00","3,130.00","3,130.00","3,123.00","37.01K","0.03%"
"12/23/2025","3,124.00","3,102.00","3,127.00","3,088.00","70.53K","0.26%"
"12/22/2025","3,116.00","3,126.00","3,133.00","3,105.00","147.14K","0.32%"
"12/19/2025","3,106.00","3,075.00","3,115.00","3,064.00","152.48K","1.24%"
"12/18/2025","3,068.00","3,036.00","3,068.00","3,029.00","160.53K","1.69%"
"12/17/2025","3,017.00","3,090.00","3,105.00","3,017.00","138.22K","-1.18%"
"12/16/2025","3,053.00","3,048.00","3,067.00","3,042.00","157.80K","-1.20%"
"12/15/2025","3,090.00","3,113.00","3,125.00","3,066.00","222.91K","-0.71%"
"12/12/2025","3,112.00","3,184.00","3,186.00","3,111.00","223.91K","-1.14%"
"12/11/2025","3,148.00","3,171.00","3,189.00","3,131.00","119.03K","-1.87%"
"12/10/2025","3,208.00","3,230.00","3,231.00","3,202.00","223.70K","-0.62%"
"12/09/2025","3,228.00","3,230.00","3,233.00","3,212.00","108.77K","0.56%"
"12/08/2025","3,210.00","3,205.00","3,226.00","3,197.00","167.34K","1.04%"
"12/05/2025","3,177.00","3,187.00","3,195.00","3,171.00","87.99K","0.44%"
"12/04/2025","3,163.00","3,165.00","3,165.00","3,146.00","139.70K","0.03%"
"12/03/2025","3,162.00","3,201.00","3,201.00","3,145.00","249.04K","-0.97%"
"12/02/2025","3,193.00","3,164.00","3,221.00","3,162.00","188.73K","0.98%"
"12/01/2025","3,162.00","3,141.00","3,162.00","3,121.00","185.84K","0.29%"
"11/28/2025","3,153.00","3,143.00","3,184.00","3,143.00","156.05K","0.32%"
"11/27/2025","3,143.00","3,152.00","3,159.00","3,142.00","74.73K","-0.54%"
"11/26/2025","3,160.00","3,140.00","3,160.00","3,127.00","154.02K","2.10%"
"11/25/2025","3,095.00","3,124.00","3,124.00","3,049.00","401.20K","-1.24%"
"11/24/2025","3,134.00","3,090.00","3,139.00","3,070.00","214.36K","2.62%"
"11/21/2025","3,054.00","3,065.00","3,077.00","3,018.00","762.26K","-3.60%"
"11/20/2025","3,168.00","3,237.00","3,238.00","3,168.00","288.88K","0.70%"
"11/19/2025","3,146.00","3,109.00","3,176.00","3,104.00","241.88K","0.96%"
"11/18/2025","3,116.00","3,135.00","3,149.00","3,082.00","314.46K","-1.70%"
"11/17/2025","3,170.00","3,214.00","3,224.00","3,160.00","265.53K","-1.37%"
"11/14/2025","3,214.00","3,169.00","3,214.00","3,114.00","509.38K","0.82%"
"11/13/2025","3,188.00","3,267.00","3,267.00","3,185.00","131.04K","-2.00%"
"11/12/2025","3,253.00","3,278.00","3,289.00","3,247.00","135.01K","0.77%"
"11/11/2025","3,228.00","3,270.00","3,276.00","3,228.00","192.91K","-0.22%"
"11/10/2025","3,235.00","3,234.00","3,267.00","3,230.00","337.42K","3.45%"
"11/07/2025","3,127.00","3,220.00","3,221.00","3,122.00","329.55K","-2.98%"
"11/06/2025","3,223.00","3,281.00","3,292.00","3,222.00","195.80K","-2.78%"
"11/05/2025","3,315.00","3,274.00","3,321.00","3,265.00","425.10K","-0.15%"
"11/04/2025","3,320.00","3,310.00","3,335.00","3,299.00","197.26K","-0.69%"
"11/03/2025","3,343.00","3,339.00","3,379.00","3,339.00","156.39K","0.12%"
"10/31/2025","3,339.00","3,389.00","3,397.00","3,333.00","243.41K","-0.30%"
"10/30/2025","3,349.00","3,366.00","3,375.00","3,337.00","245.31K","-0.15%"
"10/29/2025","3,354.00","3,354.00","3,385.00","3,345.00","359.18K","1.85%"
"10/28/2025","3,293.00","3,250.00","3,302.00","3,249.00","270.07K","1.73%"
"10/27/2025","3,237.00","3,234.00","3,245.00","3,227.00","307.53K","1.28%"
"10/24/2025","3,196.00","3,155.00","3,196.00","3,151.00","311.80K","1.85%"
"10/23/2025","3,138.00","3,113.00","3,140.00","3,093.00","139.32K","1.65%"
"10/22/2025","3,087.00","3,137.00","3,137.00","3,087.00","209.88K","-1.28%"
"10/21/2025","3,127.00","3,121.00","3,127.00","3,114.00","91.52K","0.03%"
"10/20/2025","3,126.00","3,097.00","3,130.00","3,090.00","321.29K","2.59%"
"10/17/2025","3,047.00","3,027.00","3,083.00","3,008.00","530.99K","-1.26%"
"10/16/2025","3,086.00","3,090.00","3,093.00","3,076.00","130.40K","0.10%"
"10/15/2025","3,083.00","3,081.00","3,108.00","3,081.00","136.28K","0.33%"
"10/14/2025","3,073.00","3,091.00","3,097.00","3,044.00","360.54K","-1.19%"
"10/13/2025","3,110.00","3,099.00","3,120.00","3,090.00","316.76K","0.84%"
"10/10/2025","3,084.00","3,177.00","3,189.00","3,084.00","351.89K","-2.65%"
"10/09/2025","3,168.00","3,164.00","3,169.00","3,154.00","184.33K","1.12%"
"10/08/2025","3,133.00","3,105.00","3,134.00","3,101.00","252.51K","1.42%"
"10/07/2025","3,089.00","3,100.00","3,130.00","3,088.00","190.16K","-0.55%"
"10/06/2025","3,106.00","3,105.00","3,119.00","3,097.00","215.68K","-0.06%"
"10/03/2025","3,108.00","3,113.00","3,115.00","3,098.00","127.69K","0.19%"
"10/02/2025","3,102.00","3,078.00","3,112.00","3,078.00","162.92K","1.31%"
"10/01/2025","3,062.00","3,022.00","3,062.00","3,021.00","151.35K","0.29%"
"09/30/2025","3,053.00","3,035.00","3,060.00","3,026.00","208.86K","0.30%"
"09/29/2025","3,044.00","3,036.00","3,061.00","3,033.00","191.11K","0.96%"
"09/26/2025","3,015.00","3,035.00","3,038.00","3,006.00","122.44K","-0.76%"
"09/25/2025","3,038.00","3,010.00","3,038.00","2,989.00","201.00K","0.63%"
"09/24/2025","3,019.00","3,028.00","3,039.00","3,019.00","100.45K","-0.59%"
"09/23/2025","3,037.00","3,049.00","3,054.00","3,030.00","216.74K","0.63%"
"09/22/2025","3,018.00","2,996.00","3,019.00","2,985.00","179.28K","1.31%"
"09/19/2025","2,979.00","2,959.00","2,986.00","2,959.00","142.74K","0.61%"
"09/18/2025","2,961.00","2,925.00","2,962.00","2,921.00","309.39K","2.56%"
"09/17/2025","2,887.00","2,917.00","2,921.00","2,884.00","161.11K","-1.16%"
"09/16/2025","2,921.00","2,935.00","2,940.00","2,920.00","149.03K","-0.20%"
"09/15/2025","2,927.00","2,926.00","2,928.00","2,896.00","292.47K","0.00%"
"09/12/2025","2,927.00","2,917.00","2,926.00","2,915.00","104.76K","0.24%"
"09/11/2025","2,920.00","2,922.00","2,931.00","2,915.00","226.19K","0.14%"
"09/10/2025","2,916.00","2,900.00","2,926.00","2,892.00","374.15K","2.24%"
"09/09/2025","2,852.00","2,864.00","2,866.00","2,844.00","99.81K","-0.70%"
"09/08/2025","2,872.00","2,852.00","2,874.00","2,852.00","236.97K","1.31%"
"09/05/2025","2,835.00","2,875.00","2,880.00","2,819.00","187.87K","-0.46%"
"09/04/2025","2,848.00","2,845.00","2,852.00","2,834.00","131.56K","0.46%"
"09/03/2025","2,835.00","2,840.00","2,856.00","2,835.00","170.99K","0.96%"
"09/02/2025","2,808.00","2,830.00","2,842.00","2,800.00","365.28K","-0.88%"
"09/01/2025","2,833.00","2,828.00","2,836.00","2,828.00","140.40K","-0.11%"
"08/29/2025","2,836.00","2,885.00","2,885.00","2,830.00","159.75K","-1.22%"
"08/28/2025","2,871.00","2,857.00","2,886.00","2,851.00","287.65K","0.17%"
"08/27/2025","2,866.00","2,865.00","2,876.00","2,852.00","182.17K","0.63%"
"08/26/2025","2,848.00","2,842.00","2,851.00","2,835.00","109.58K","0.11%"
"08/22/2025","2,845.00","2,807.00","2,850.00","2,807.00","195.45K","0.67%"
"08/21/2025","2,826.00","2,828.00","2,831.00","2,808.00","130.52K","0.64%"
"08/20/2025","2,808.00","2,827.00","2,835.00","2,775.00","260.13K","-1.75%"
"08/19/2025","2,858.00","2,886.00","2,887.00","2,849.00","76.98K","-0.52%"
"08/18/2025","2,873.00","2,893.00","2,893.00","2,869.00","64.49K","0.14%"
"08/15/2025","2,869.00","2,900.00","2,900.00","2,860.00","136.92K","-0.69%"
"08/14/2025","2,889.00","2,889.00","2,904.00","2,879.00","133.90K","-0.14%"
"08/13/2025","2,893.00","2,911.00","2,916.00","2,890.00","141.38K","-0.10%"
"08/12/2025","2,896.00","2,884.00","2,900.00","2,870.00","148.83K","-0.48%"
"08/11/2025","2,910.00","2,897.00","2,911.00","2,883.00","236.55K","1.04%"
"08/08/2025","2,880.00","2,876.00","2,885.00","2,870.00","84.92K","0.03%"
"08/07/2025","2,879.00","2,888.00","2,904.00","2,879.00","208.80K","0.42%"
"08/06/2025","2,867.00","2,856.00","2,867.00","2,845.00","129.60K","0.70%"
"08/05/2025","2,847.00","2,894.00","2,894.00","2,847.00","209.60K","-0.63%"
"08/04/2025","2,865.00","2,829.00","2,869.00","2,825.00","252.10K","1.34%"
"08/01/2025","2,827.00","2,903.00","2,904.00","2,810.00","427.36K","-2.92%"
"07/31/2025","2,912.00","2,951.00","2,970.00","2,909.00","241.03K","1.15%"
"07/30/2025","2,879.00","2,867.00","2,891.00","2,860.00","122.55K","0.38%"
"07/29/2025","2,868.00","2,880.00","2,904.00","2,868.00","174.88K","0.81%"
"07/28/2025","2,845.00","2,848.00","2,850.00","2,834.00","171.01K","0.67%"
"07/25/2025","2,826.00","2,812.00","2,830.00","2,811.00","278.53K","1.07%"
"07/24/2025","2,796.00","2,786.00","2,797.00","2,783.00","102.97K","1.30%"
"07/23/2025","2,760.00","2,768.00","2,771.00","2,750.00","107.33K","-0.54%"
"07/22/2025","2,775.00","2,798.00","2,804.00","2,757.00","155.78K","-1.25%"
"07/21/2025","2,810.00","2,811.00","2,819.00","2,796.00","137.95K","0.18%"
"07/18/2025","2,805.00","2,819.00","2,822.00","2,800.00","169.15K","-0.36%"
"07/17/2025","2,815.00","2,806.00","2,816.00","2,793.00","126.51K","2.33%"
"07/16/2025","2,751.00","2,773.00","2,793.00","2,751.00","173.02K","-1.71%"
"07/15/2025","2,799.00","2,770.00","2,799.00","2,770.00","193.41K","2.08%"
"07/14/2025","2,742.00","2,733.00","2,747.00","2,717.00","217.41K","-0.18%"
"07/11/2025","2,747.00","2,731.00","2,752.00","2,715.00","239.81K","0.51%"
"07/10/2025","2,733.00","2,722.00","2,751.00","2,714.00","180.66K","0.51%"
"07/09/2025","2,719.00","2,707.00","2,740.00","2,705.00","300.46K","0.44%"
"07/08/2025","2,707.00","2,700.00","2,717.00","2,697.00","201.28K","0.37%"
"07/07/2025","2,697.00","2,702.00","2,714.00","2,697.00","172.43K","0.11%"
"07/04/2025","2,694.00","2,695.00","2,696.00","2,689.00","65.59K","-0.63%"
"07/03/2025","2,711.00","2,679.00","2,712.00","2,667.00","83.90K","1.46%"
"07/02/2025","2,672.00","2,637.00","2,681.00","2,630.00","200.23K","1.64%"
"07/01/2025","2,629.00","2,649.00","2,653.00","2,620.00","132.47K","-0.68%"
"06/30/2025","2,647.00","2,644.00","2,658.00","2,643.00","106.65K","0.00%"
"06/27/2025","2,647.00","2,632.00","2,647.00","2,630.00","124.29K","1.22%"
"06/26/2025","2,615.00","2,621.00","2,629.00","2,615.00","70.94K","-0.23%"
"06/25/2025","2,621.00","2,601.00","2,633.00","2,601.00","159.84K","0.85%"
"06/24/2025","2,599.00","2,602.00","2,602.00","2,585.00","165.47K","1.40%"
"06/23/2025","2,563.00","2,562.00","2,586.00","2,560.00","151.09K","0.14%"
"06/20/2025","2,559.50","2,564.00","2,579.00","2,547.00","133.12K","0.61%"
"06/19/2025","2,544.00","2,567.00","2,567.00","2,540.00","85.02K","-1.09%"
"06/18/2025","2,572.00","2,567.00","2,582.00","2,564.00","129.26K","0.19%"
"06/17/2025","2,567.00","2,550.00","2,569.00","2,543.00","144.68K","0.23%"
"06/16/2025","2,561.00","2,531.00","2,563.00","2,530.00","163.21K","1.11%"
"06/13/2025","2,533.00","2,522.00","2,546.00","2,520.00","124.41K","-0.78%"
"06/12/2025","2,553.00","2,535.00","2,559.00","2,520.00","110.50K","-0.04%"
"06/11/2025","2,554.00","2,552.00","2,563.00","2,546.00","134.54K","0.79%"
"06/10/2025","2,534.00","2,542.00","2,545.00","2,534.00","84.61K","-0.16%"
"06/09/2025","2,538.00","2,524.00","2,555.00","2,522.00","93.61K","0.24%"
"06/06/2025","2,532.00","2,515.00","2,543.00","2,515.00","146.20K","-0.08%"
"06/05/2025","2,534.00","2,517.00","2,534.00","2,503.00","110.76K","0.72%"
"06/04/2025","2,516.00","2,519.00","2,525.00","2,505.00","258.16K","0.16%"
"06/03/2025","2,512.00","2,468.50","2,512.00","2,468.00","96.19K","2.18%"
"06/02/2025","2,458.50","2,439.00","2,470.00","2,430.00","93.45K","-0.17%"
"05/30/2025","2,462.75","2,468.50","2,476.50","2,453.50","106.43K","-0.70%"
"05/29/2025","2,480.00","2,523.00","2,533.00","2,470.00","174.43K","0.24%"
"05/28/2025","2,474.00","2,470.00","2,487.00","2,462.00","116.00K","0.69%"
"05/27/2025","2,457.00","2,430.50","2,457.00","2,430.00","132.60K","2.06%"
"05/23/2025","2,407.50","2,446.50","2,446.50","2,380.00","147.72K","-2.09%"
"05/22/2025","2,459.00","2,457.50","2,463.00","2,437.50","96.12K","-1.34%"
"05/21/2025","2,492.50","2,475.50","2,495.00","2,462.00","118.35K","-0.22%"
"05/20/2025","2,498.00","2,501.00","2,508.00","2,493.50","89.41K","-0.24%"
"05/19/2025","2,504.00","2,488.00","2,509.00","2,460.00","190.70K","-0.83%"
"05/16/2025","2,525.00","2,512.00","2,538.00","2,512.00","136.33K","-0.20%"
"05/15/2025","2,530.00","2,519.00","2,530.00","2,497.50","420.13K","0.20%"
"05/14/2025","2,525.00","2,510.00","2,526.00","2,492.50","256.84K","0.92%"
"05/13/2025","2,502.00","2,452.00","2,505.00","2,449.00","242.33K","2.46%"
"05/12/2025","2,442.00","2,442.50","2,485.00","2,430.00","306.86K","4.54%"
"05/09/2025","2,336.00","2,356.50","2,356.50","2,329.00","131.13K","-0.28%"
"05/08/2025","2,342.50","2,348.00","2,362.50","2,315.50","254.86K","2.67%"
"05/07/2025","2,281.50","2,294.50","2,306.00","2,279.50","154.16K","-0.46%"
"05/06/2025","2,292.00","2,299.50","2,299.50","2,260.00","128.12K","-1.72%"
"05/02/2025","2,332.00","2,303.00","2,332.00","2,300.00","231.04K","-0.11%"
"05/01/2025","2,334.50","2,299.00","2,341.50","2,299.00","289.04K","5.23%"
"04/30/2025","2,218.50","2,223.50","2,231.50","2,188.50","136.18K","-0.14%"
"04/29/2025","2,221.50","2,222.00","2,236.50","2,205.50","215.79K","1.07%"
"04/28/2025","2,198.00","2,237.00","2,239.50","2,198.00","283.46K","-0.70%"
"04/25/2025","2,213.50","2,215.00","2,218.50","2,186.00","228.86K","1.26%"
"04/24/2025","2,186.00","2,130.50","2,190.50","2,110.00","205.19K","1.75%"
"04/23/2025","2,148.50","2,112.00","2,169.50","2,109.50","384.30K","4.73%"
"04/22/2025","2,051.50","2,037.50","2,056.00","2,030.50","271.34K","-1.80%"
"04/17/2025","2,089.00","2,126.50","2,137.00","2,075.00","310.99K","-2.25%"
"04/16/2025","2,137.00","2,121.00","2,152.50","2,110.00","165.50K","-2.42%"
"04/15/2025","2,190.00","2,183.00","2,198.50","2,170.00","294.15K","-0.32%"
"04/14/2025","2,197.00","2,233.50","2,255.50","2,196.00","494.51K","2.35%"
"04/11/2025","2,146.50","2,178.00","2,178.00","2,112.00","230.24K","-0.07%"
"04/10/2025","2,148.00","2,256.00","2,263.00","2,148.00","463.18K","5.01%"
"04/09/2025","2,045.50","2,006.50","2,069.00","1,968.00","319.88K","-3.19%"
"04/08/2025","2,113.00","2,082.50","2,162.50","2,077.00","652.02K","4.55%"
"04/07/2025","2,021.00","1,886.00","2,089.00","1,880.50","823.39K","-1.94%"
"04/04/2025","2,061.00","2,133.50","2,146.50","2,025.00","507.57K","-3.95%"
"04/03/2025","2,145.75","2,191.50","2,204.00","2,131.00","307.74K","-7.11%"
"04/02/2025","2,310.00","2,300.00","2,305.00","2,268.00","217.21K","0.48%"
"04/01/2025","2,299.00","2,284.50","2,299.00","2,269.50","270.41K","2.09%"
"03/31/2025","2,252.00","2,248.50","2,255.00","2,224.00","335.13K","-1.31%"
"03/28/2025","2,282.00","2,324.00","2,336.50","2,281.50","156.40K","-2.69%"
"03/27/2025","2,345.00","2,351.00","2,360.00","2,328.50","128.79K","-1.35%"
"03/26/2025","2,377.00","2,417.50","2,423.00","2,377.00","144.87K","-1.37%"
"03/25/2025","2,410.00","2,409.50","2,414.50","2,402.50","152.11K","-0.12%"
"03/24/2025","2,413.00","2,399.00","2,416.50","2,392.00","290.31K","2.38%"
"03/21/2025","2,357.00","2,356.50","2,357.00","2,323.00","238.97K","0.16%"
"03/20/2025","2,353.25","2,387.00","2,387.00","2,345.50","332.58K","-0.37%"
"03/19/2025","2,362.00","2,332.00","2,367.00","2,332.00","156.35K","0.98%"
"03/18/2025","2,339.00","2,358.50","2,367.00","2,327.00","358.91K","-0.26%"
"03/17/2025","2,345.00","2,351.00","2,378.00","2,346.50","274.44K","-0.70%"
"03/14/2025","2,361.50","2,323.50","2,370.50","2,323.50","177.87K","2.30%"
"03/13/2025","2,308.50","2,319.50","2,344.00","2,308.00","474.08K","-1.75%"
"03/12/2025","2,349.50","2,319.00","2,364.00","2,314.00","371.79K","1.92%"
"03/11/2025","2,305.25","2,322.50","2,333.00","2,294.00","723.41K","-1.59%"
"03/10/2025","2,342.50","2,418.50","2,418.50","2,320.00","651.43K","-1.62%"
"03/07/2025","2,381.00","2,414.00","2,427.00","2,381.00","401.90K","-2.18%"
"03/06/2025","2,434.00","2,439.50","2,449.00","2,407.50","270.77K","0.97%"
"03/05/2025","2,410.50","2,461.50","2,479.00","2,410.50","470.79K","-0.99%"
"03/04/2025","2,434.50","2,471.50","2,477.00","2,420.00","777.21K","-3.55%"
"03/03/2025","2,524.00","2,572.00","2,574.00","2,513.00","290.44K","-0.59%"
"02/28/2025","2,539.00","2,539.00","2,548.00","2,498.50","499.21K","-2.42%"
"02/27/2025","2,602.00","2,622.00","2,646.00","2,580.00","179.10K","-0.95%"
"02/26/2025","2,627.00","2,620.00","2,633.00","2,608.00","321.60K","1.51%"
"02/25/2025","2,588.00","2,622.00","2,634.00","2,579.00","272.62K","-2.65%"
"02/24/2025","2,658.50","2,681.00","2,688.00","2,640.00","221.56K","-2.23%"
"02/21/2025","2,719.00","2,727.00","2,746.00","2,712.00","116.93K","-0.29%"
"02/20/2025","2,727.00","2,737.00","2,749.00","2,718.00","260.30K","-0.76%"
"02/19/2025","2,748.00","2,745.00","2,751.00","2,732.00","211.46K","0.26%"
"02/18/2025","2,741.00","2,745.00","2,753.00","2,727.00","316.58K","0.33%"
"02/17/2025","2,732.00","2,742.00","2,745.00","2,730.00","147.67K","0.63%"
"02/14/2025","2,715.00","2,728.00","2,728.00","2,706.00","245.88K","-0.15%"
"02/13/2025","2,719.00","2,697.00","2,726.00","2,692.00","380.20K","0.70%"
"02/12/2025","2,700.00","2,711.00","2,716.00","2,682.00","347.21K","-0.86%"
"02/11/2025","2,723.50","2,713.00","2,730.00","2,694.00","220.79K","0.02%"
"02/10/2025","2,723.00","2,692.00","2,725.00","2,684.00","254.98K","1.57%"
"02/07/2025","2,681.00","2,705.00","2,711.00","2,680.00","286.21K","-0.20%"
"02/06/2025","2,686.50","2,675.00","2,702.00","2,675.00","202.58K","1.61%"
"02/05/2025","2,644.00","2,624.00","2,644.00","2,600.00","191.66K","0.46%"
"02/04/2025","2,632.00","2,611.00","2,634.00","2,600.00","331.47K","0.88%"
"02/03/2025","2,609.00","2,619.00","2,635.00","2,590.00","437.89K","-3.46%"
"01/31/2025","2,702.50","2,693.00","2,712.00","2,691.00","139.72K","2.25%"
"01/30/2025","2,643.00","2,674.00","2,681.00","2,634.00","178.43K","-0.90%"
"01/29/2025","2,667.00","2,715.00","2,722.00","2,663.00","263.90K","0.04%"
"01/28/2025","2,666.00","2,646.00","2,668.00","2,613.00","444.36K","2.54%"
"01/27/2025","2,600.00","2,666.00","2,671.00","2,560.00","1.01M","-6.15%"
"01/24/2025","2,770.50","2,795.00","2,810.00","2,765.00","148.93K","-1.04%"
"01/23/2025","2,799.50","2,803.00","2,809.00","2,787.00","176.01K","-0.30%"
"01/22/2025","2,808.00","2,777.00","2,809.00","2,766.00","236.13K","2.78%"
"01/21/2025","2,732.00","2,748.00","2,767.00","2,724.00","206.04K","-0.91%"
"01/20/2025","2,757.00","2,762.00","2,777.00","2,745.00","225.32K","-0.54%"
"01/17/2025","2,772.00","2,730.00","2,781.20","2,726.00","275.59K","1.39%"
"01/16/2025","2,734.00","2,784.00","2,791.00","2,734.00","228.27K","-0.09%"
"01/15/2025","2,736.50","2,693.00","2,742.00","2,683.00","267.44K","1.65%"
"01/14/2025","2,692.00","2,710.00","2,749.00","2,688.00","177.15K","0.45%"
"01/13/2025","2,680.00","2,715.00","2,718.00","2,674.00","274.65K","-0.96%"
"01/10/2025","2,706.00","2,739.00","2,774.00","2,694.00","233.03K","-1.56%"
"01/09/2025","2,749.00","2,749.00","2,767.00","2,730.00","106.46K","0.07%"
"01/08/2025","2,747.00","2,729.00","2,760.00","2,726.00","193.89K","0.26%"
"01/07/2025","2,740.00","2,761.00","2,783.00","2,727.00","332.09K","-1.83%"
"01/06/2025","2,791.00","2,756.00","2,802.00","2,751.00","486.14K","1.68%"
"01/03/2025","2,745.00","2,725.00","2,759.00","2,720.00","196.36K","0.26%"
"01/02/2025","2,738.00","2,725.00","2,757.00","2,716.76","582.82K","0.07%"
"12/31/2024","2,736.00","2,717.00","2,739.00","2,711.00","77.04K","0.37%"
"12/30/2024","2,726.00","2,737.00","2,749.00","2,696.00","226.68K","-0.33%"
"12/27/2024","2,735.00","2,805.00","2,805.00","2,722.00","255.25K","-1.05%"
"12/24/2024","2,764.00","2,762.00","2,776.00","2,754.00","100.03K","0.73%"
"12/23/2024","2,744.00","2,741.29","2,768.00","2,728.00","129.32K","0.77%"
"12/20/2024","2,723.00","2,683.00","2,723.00","2,645.00","223.92K","0.44%"
"12/19/2024","2,711.00","2,679.00","2,714.00","2,664.00","251.06K","-1.20%"
"12/18/2024","2,744.00","2,742.00","2,756.40","2,730.00","120.83K","0.44%"
"12/17/2024","2,732.00","2,730.00","2,740.00","2,710.50","158.84K","0.26%"
"12/16/2024","2,725.00","2,727.00","2,744.00","2,717.00","120.08K","0.48%"
"12/13/2024","2,712.00","2,727.00","2,750.00","2,709.00","158.14K","0.59%"
"12/12/2024","2,696.00","2,688.93","2,706.00","2,680.00","85.73K","-0.15%"
"12/11/2024","2,700.00","2,663.00","2,716.00","2,652.00","112.65K","1.12%"
"12/10/2024","2,670.00","2,681.00","2,699.00","2,668.00","129.48K","-0.63%"
"12/09/2024","2,687.00","2,702.00","2,707.00","2,673.00","141.87K","-0.63%"
"12/06/2024","2,704.00","2,693.45","2,719.00","2,650.00","174.52K","0.15%"
"12/05/2024","2,700.00","2,699.77","2,710.50","2,689.00","156.25K","0.04%"
"12/04/2024","2,699.00","2,685.00","2,709.00","2,650.00","173.78K","1.31%"
"12/03/2024","2,664.00","2,664.00","2,668.00","2,643.00","125.48K","-0.04%"
"12/02/2024","2,665.00","2,624.00","2,675.00","2,609.00","148.66K","1.49%"
"11/29/2024","2,626.00","2,607.00","2,629.00","2,600.00","79.52K","0.42%"
"11/28/2024","2,615.00","2,623.00","2,626.00","2,612.00","80.72K","0.93%"
"11/27/2024","2,591.00","2,649.00","2,651.00","2,587.55","171.29K","-2.56%"
"11/26/2024","2,659.00","2,646.00","2,674.00","2,633.00","172.40K","0.45%"
"11/25/2024","2,647.00","2,657.00","2,663.00","2,631.69","165.40K","0.08%"
"11/22/2024","2,645.00","2,647.00","2,667.00","2,638.00","107.18K","0.15%"
"11/21/2024","2,641.00","2,598.00","2,659.00","2,500.00","280.50K","1.89%"
"11/20/2024","2,592.00","2,617.00","2,627.00","2,579.00","112.24K","-0.23%"
"11/19/2024","2,598.00","2,595.00","2,601.00","2,564.00","87.47K","-0.15%"
"11/18/2024","2,602.00","2,600.00","2,610.00","2,574.00","143.16K","0.19%"
"11/15/2024","2,597.00","2,629.00","2,633.00","2,592.00","140.91K","-1.81%"
"11/14/2024","2,645.00","2,642.00","2,661.00","2,635.74","189.21K","0.27%"
"11/13/2024","2,638.00","2,636.00","2,644.00","2,566.00","159.53K","0.04%"
"11/12/2024","2,637.00","2,608.73","2,638.00","2,602.00","205.68K","1.46%"
"11/11/2024","2,599.00","2,623.00","2,633.00","2,593.00","180.35K","-0.65%"
"11/08/2024","2,616.00","2,622.00","2,629.00","2,599.00","164.64K","0.73%"
"11/07/2024","2,597.00","2,581.00","2,598.00","2,574.00","405.64K","1.01%"
"11/06/2024","2,571.00","2,557.00","2,585.00","2,545.00","309.13K","3.17%"
"11/05/2024","2,492.00","2,474.00","2,495.50","2,467.50","173.10K","0.46%"
"11/04/2024","2,480.50","2,488.00","2,489.50","2,459.00","277.12K","-0.30%"
"11/01/2024","2,488.00","2,480.00","2,490.50","2,456.00","126.44K","0.10%"
"10/31/2024","2,485.50","2,506.00","2,527.00","2,476.50","307.21K","-2.61%"
"10/30/2024","2,552.00","2,569.20","2,579.00","2,543.00","174.53K","-0.53%"
"10/29/2024","2,565.50","2,554.00","2,568.00","2,541.00","141.41K","0.45%"
"10/28/2024","2,554.00","2,575.14","2,578.00","2,548.00","177.93K","-0.55%"
"10/25/2024","2,568.00","2,539.00","2,575.00","2,535.00","272.41K","1.30%"
"10/24/2024","2,535.00","2,555.00","2,559.00","2,526.00","96.98K","-0.74%"
"10/23/2024","2,554.00","2,568.00","2,577.00","2,549.00","288.16K","-0.35%"
"10/22/2024","2,563.00","2,572.00","2,574.00","2,548.00","388.67K","0.85%"
"10/21/2024","2,541.50","2,536.20","2,558.00","2,519.00","112.04K","0.10%"
"10/18/2024","2,539.00","2,532.00","2,547.00","2,529.00","115.82K","-0.39%"
"10/17/2024","2,549.00","2,549.00","2,573.00","2,537.00","222.54K","1.47%"
"10/16/2024","2,512.00","2,521.95","2,529.00","2,486.50","143.86K","0.08%"
"10/15/2024","2,510.00","2,550.00","2,558.00","2,490.00","233.64K","-1.22%"
"10/14/2024","2,541.00","2,510.00","2,561.00","2,508.00","291.30K","1.11%"
"10/11/2024","2,513.00","2,521.00","2,523.00","2,498.50","246.16K","-0.06%"
"10/10/2024","2,514.50","2,509.07","2,516.00","2,461.50","91.67K","0.46%"
"10/09/2024","2,503.00","2,479.50","2,504.00","2,475.50","113.79K","1.24%"
"10/08/2024","2,472.25","2,435.50","2,479.50","2,429.50","130.73K","0.58%"
"10/07/2024","2,458.00","2,437.50","2,458.00","2,425.50","341.03K","1.30%"
"10/04/2024","2,426.50","2,409.00","2,462.00","2,404.50","175.10K","0.25%"
"10/03/2024","2,420.50","2,391.50","2,436.50","2,379.50","86.11K","1.59%"
"10/02/2024","2,382.50","2,354.50","2,386.50","2,339.50","113.91K","0.91%"
"10/01/2024","2,361.00","2,407.00","2,420.00","2,349.00","145.29K","-1.28%"
"09/30/2024","2,391.50","2,382.50","2,396.00","2,370.00","94.09K","0.19%"
"09/27/2024","2,387.00","2,404.00","2,425.50","2,386.57","133.30K","-0.33%"
"09/26/2024","2,395.00","2,432.50","2,443.00","2,390.00","143.70K","-0.08%"
"09/25/2024","2,397.00","2,367.00","2,402.50","2,364.50","76.81K","1.33%"
"09/24/2024","2,365.50","2,372.00","2,381.50","2,343.00","114.64K","-0.11%"
"09/23/2024","2,368.00","2,386.50","2,392.00","2,352.50","93.60K","-0.44%"
"09/20/2024","2,378.50","2,379.50","2,396.00","2,366.00","84.41K","-0.93%"
"09/19/2024","2,400.75","2,375.00","2,409.00","2,366.00","146.31K","2.44%"
"09/18/2024","2,343.50","2,352.50","2,358.00","2,334.00","81.21K","-0.78%"
"09/17/2024","2,362.00","2,349.50","2,373.00","2,348.73","61.63K","0.68%"
"09/16/2024","2,346.00","2,370.50","2,377.50","2,326.00","80.19K","-1.49%"
"09/13/2024","2,381.50","2,376.00","2,384.14","2,363.50","58.65K","0.61%"
"09/12/2024","2,367.00","2,380.13","2,385.50","2,349.00","176.60K","3.29%"
"09/11/2024","2,291.50","2,281.00","2,316.00","2,275.00","74.51K","0.59%"
"09/10/2024","2,278.00","2,257.50","2,285.50","2,247.00","76.32K","1.47%"
"09/09/2024","2,245.00","2,244.00","2,260.50","2,229.00","113.89K","1.25%"
"09/06/2024","2,217.25","2,249.50","2,272.00","2,214.40","170.03K","-2.00%"
"09/05/2024","2,262.50","2,266.00","2,300.50","2,242.00","154.15K","-0.48%"
"09/04/2024","2,273.50","2,260.00","2,292.00","2,248.00","230.53K","-2.17%"
"09/03/2024","2,324.00","2,388.00","2,396.00","2,315.50","108.85K","-2.90%"
"09/02/2024","2,393.50","2,383.50","2,397.50","2,376.00","65.35K","0.86%"
"08/30/2024","2,373.00","2,373.50","2,397.00","2,367.50","132.07K","-1.09%"
"08/29/2024","2,399.25","2,347.00","2,412.00","2,343.00","157.80K","1.60%"
"08/28/2024","2,361.50","2,398.01","2,405.00","2,350.00","101.89K","-1.07%"
"08/27/2024","2,387.00","2,388.00","2,397.50","2,356.69","96.52K","-0.71%"
"08/23/2024","2,404.00","2,408.00","2,427.50","2,385.50","297.28K","-0.97%"
"08/22/2024","2,427.50","2,448.50","2,463.00","2,427.50","93.06K","-0.53%"
"08/21/2024","2,440.50","2,446.50","2,460.50","2,436.00","125.36K","-0.09%"
"08/20/2024","2,442.75","2,465.14","2,470.00","2,431.00","105.24K","0.50%"
"08/19/2024","2,430.50","2,430.60","2,439.50","2,411.00","67.73K","-0.02%"
"08/16/2024","2,431.00","2,456.50","2,459.00","2,417.50","170.57K","-0.02%"
"08/15/2024","2,431.50","2,393.50","2,439.00","2,380.00","140.82K","1.74%"
"08/14/2024","2,390.00","2,380.50","2,438.50","2,200.00","228.32K","1.16%"
"08/13/2024","2,362.50","2,330.91","2,364.00","2,320.50","146.47K","2.05%"
"08/12/2024","2,315.00","2,304.50","2,332.50","2,299.50","144.12K","0.96%"
"08/09/2024","2,293.00","2,290.91","2,310.00","2,277.50","271.45K","0.79%"
"08/08/2024","2,275.00","2,231.50","2,325.00","2,216.50","231.71K","-0.85%"
"08/07/2024","2,294.50","2,270.50","2,312.50","2,260.50","227.64K","1.30%"
"08/06/2024","2,265.00","2,262.00","2,276.00","2,219.50","216.26K","1.39%"
"08/05/2024","2,234.00","2,200.00","2,246.00","2,050.50","399.80K","-2.68%"
"08/02/2024","2,295.50","2,339.00","2,339.00","2,257.00","328.56K","-4.03%"
"08/01/2024","2,392.00","2,449.50","2,457.50","2,390.00","254.74K","-0.83%"
"07/31/2024","2,412.00","2,370.50","2,412.50","2,357.50","328.37K","3.10%"
"07/30/2024","2,339.50","2,378.00","2,392.50","2,338.00","69.97K","-1.35%"
"07/29/2024","2,371.50","2,404.50","2,414.00","2,371.50","220.78K","-0.27%"
"07/26/2024","2,378.00","2,376.50","2,395.00","2,367.00","191.30K","-0.04%"
"07/25/2024","2,379.00","2,391.50","2,395.00","2,323.00","409.55K","-1.00%"
"07/24/2024","2,403.00","2,462.50","2,469.00","2,402.00","151.53K","-3.69%"
"07/23/2024","2,495.00","2,469.00","2,496.50","2,458.50","198.55K","1.80%"
"07/22/2024","2,451.00","2,446.00","2,481.50","2,438.00","196.20K","0.29%"
"07/19/2024","2,444.00","2,459.50","2,468.50","2,437.50","166.08K","0.76%"
"07/18/2024","2,425.50","2,488.50","2,497.00","2,425.00","181.47K","-1.90%"
"07/17/2024","2,472.50","2,528.95","2,531.00","2,456.50","417.08K","-2.96%"
"07/16/2024","2,548.00","2,568.00","2,574.00","2,538.00","154.29K","-0.93%"
"07/15/2024","2,572.00","2,562.00","2,583.00","2,554.00","94.65K","0.43%"
"07/12/2024","2,561.00","2,544.00","2,565.00","2,525.00","177.46K","0.75%"
"07/11/2024","2,542.00","2,617.00","2,621.00","2,541.00","198.64K","-2.23%"
"07/10/2024","2,600.00","2,597.00","2,608.00","2,586.00","216.37K","0.12%"
"07/09/2024","2,597.00","2,599.00","2,608.00","2,593.00","158.15K","0.62%"
"07/08/2024","2,581.00","2,570.00","2,583.00","2,566.00","158.37K","0.56%"
"07/05/2024","2,566.50","2,570.00","2,580.00","2,553.00","124.41K","0.18%"
"07/04/2024","2,562.00","2,570.41","2,574.00","2,555.00","146.04K","0.43%"
"07/03/2024","2,551.00","2,543.00","2,554.00","2,526.00","251.12K","0.63%"
"07/02/2024","2,535.00","2,531.00","2,538.00","2,513.00","244.43K","0.40%"
"07/01/2024","2,525.00","2,515.00","2,526.00","2,478.18","182.96K","-0.67%"
"06/28/2024","2,542.00","2,532.00","2,561.00","2,523.00","200.03K","1.05%"
"06/27/2024","2,515.50","2,507.00","2,528.00","2,505.00","107.32K","0.10%"
"06/26/2024","2,513.00","2,520.00","2,531.00","2,503.00","303.10K","0.56%"
"06/25/2024","2,499.00","2,463.00","2,499.00","2,451.00","233.80K","0.24%"
"06/24/2024","2,493.00","2,522.00","2,534.00","2,473.50","518.73K","-1.70%"
"06/21/2024","2,536.00","2,547.00","2,554.00","2,507.00","248.29K","-1.59%"
"06/20/2024","2,577.00","2,602.89","2,611.00","2,562.72","352.86K","-0.25%"
"06/19/2024","2,583.50","2,580.00","2,593.00","2,573.00","176.52K","0.96%"
"06/18/2024","2,559.00","2,562.00","2,575.00","2,554.00","299.15K","0.79%"
"06/17/2024","2,539.00","2,534.60","2,549.00","2,525.00","273.43K","0.67%"
"06/14/2024","2,522.00","2,515.00","2,534.00","2,499.50","511.94K","1.16%"
"06/13/2024","2,493.00","2,472.00","2,506.00","2,458.50","426.85K","1.47%"
"06/12/2024","2,457.00","2,414.00","2,470.00","2,401.00","228.33K","2.48%"
"06/11/2024","2,397.50","2,376.50","2,399.00","2,362.00","358.03K","0.63%"
"06/10/2024","2,382.50","2,364.50","2,391.00","2,354.50","222.53K","0.87%"
"06/07/2024","2,362.00","2,357.00","2,375.00","2,303.00","243.44K","0.43%"
"06/06/2024","2,352.00","2,369.00","2,388.50","2,342.00","275.17K","0.26%"
"06/05/2024","2,346.00","2,309.04","2,346.50","2,302.00","349.71K","2.83%"
"06/04/2024","2,281.50","2,287.00","2,300.00","2,275.00","99.98K","0.15%"
"06/03/2024","2,278.00","2,294.50","2,315.00","2,272.00","138.39K","1.49%"
"05/31/2024","2,244.50","2,280.50","2,298.50","2,244.50","230.04K","-2.43%"
"05/30/2024","2,300.50","2,317.50","2,326.00","2,294.00","179.44K","-1.73%"
"05/29/2024","2,341.00","2,340.05","2,350.00","2,321.00","203.51K","0.28%"
"05/28/2024","2,334.50","2,325.00","2,339.00","2,315.00","193.60K","1.19%"
"05/24/2024","2,307.00","2,294.05","2,307.00","2,283.50","85.94K","-0.39%"
"05/23/2024","2,316.00","2,309.30","2,325.50","2,301.50","148.35K","1.56%"
"05/22/2024","2,280.50","2,269.50","2,289.00","2,265.50","112.13K","0.31%"
"05/21/2024","2,273.50","2,268.00","2,278.00","2,254.50","101.73K","0.29%"
"05/20/2024","2,267.00","2,246.00","2,268.50","2,239.00","66.17K","0.99%"
"05/17/2024","2,244.75","2,262.08","2,268.00","2,243.50","125.49K","-1.24%"
"05/16/2024","2,273.00","2,267.50","2,276.00","2,263.50","127.53K","0.98%"
"05/15/2024","2,251.00","2,224.50","2,254.50","2,216.00","147.85K","1.65%"
"05/14/2024","2,214.50","2,212.50","2,227.50","2,200.50","78.36K","-0.02%"
"05/13/2024","2,215.00","2,217.00","2,223.50","2,197.00","167.64K","0.43%"
"05/10/2024","2,205.50","2,201.00","2,219.50","2,197.50","90.97K","0.20%"
"05/09/2024","2,201.00","2,204.00","2,209.50","2,189.50","45.95K","-0.06%"
"05/08/2024","2,202.25","2,204.50","2,212.00","2,183.00","97.25K","0.10%"
"05/07/2024","2,200.00","2,202.00","2,213.00","2,193.50","162.60K","1.43%"
"05/03/2024","2,169.00","2,134.50","2,181.00","2,126.50","117.03K","3.14%"
"05/02/2024","2,103.00","2,098.00","2,112.00","2,087.50","106.94K","0.72%"
"05/01/2024","2,088.00","2,113.50","2,113.50","2,084.00","78.21K","-2.34%"
"04/30/2024","2,138.00","2,150.50","2,156.50","2,129.50","143.96K","0.00%"
"04/29/2024","2,138.00","2,154.00","2,166.00","2,138.00","226.91K","-0.93%"
"04/26/2024","2,158.00","2,132.50","2,167.00","2,118.50","124.37K","3.40%"
"04/25/2024","2,087.00","2,097.50","2,106.00","2,075.50","147.65K","-1.67%"
"04/24/2024","2,122.50","2,126.00","2,141.00","2,119.00","115.15K","0.50%"
"04/23/2024","2,112.00","2,095.50","2,116.00","2,088.00","91.43K","1.56%"
"04/22/2024","2,079.50","2,083.50","2,105.00","2,070.50","209.71K","-0.62%"
